450465,Glass
428078,Mortal Engines
424694,Bohemian Rhapsody
297802,Aquaman
522681,Escape Room
424783,Bumblebee
480530,Creed II
401469,Widows
483906,Polar
332562,A Star Is Born
504172,The Mule
454294,The Kid Who Would Be King
567860,Fyre
324857,Spider-Man: Into the Spider-Verse
369972,First Man
433249,IO
452832,Serenity
299536,Avengers: Infinity War
390634,劇場版「Fate/stay night [Heaven's Feel] ⅠⅠ. lost butterfly」
166428,How to Train Your Dragon: The Hidden World
460321,Close
375588,Robin Hood
360920,The Grinch
399402,Hunter Killer
400650,Mary Poppins Returns
446807,The Girl in the Spider's Web
335983,Venom
338952,Fantastic Beasts: The Crimes of Grindelwald
401847,Can You Ever Forgive Me?
404368,Ralph Breaks the Internet
424139,Halloween
503616,Second Act
52371,LelleBelle
505954,Т-34
426543,The Nutcracker and the Four Realms
260513,Incredibles 2
543103,仮面ライダー平成ジェネレーションズFOREVER
463684,Velvet Buzzsaw
300681,Replicas
375262,The Favourite
503314,ドラゴンボール超スーパー ブロリー
465914,If Beale Street Could Talk
426563,Holmes & Watson
284054,Black Panther
337167,Fifty Shades Freed
383498,Deadpool 2
567604,Once Upon a Deadpool
405774,Bird Box
429197,Vice
490132,Green Book
351286,Jurassic World: Fallen Kingdom
346910,The Predator
381288,Split
487672,Reign of the Supermen
444090,Askeladden - I Dovregubbens hall
499362,துப்பாக்கி முனை
442062,Goosebumps 2: Haunted Halloween
353081,Mission: Impossible - Fallout
569970,Body Keepers
443055,Love of My Life
487558,BlacKkKlansman
345887,The Equalizer 2
574883,An Affair to Die For
363088,Ant-Man and the Wasp
466282,To All the Boys I've Loved Before
463821,The House with a Clock in Its Walls
118340,Guardians of the Galaxy
24428,The Avengers
440626,Собибор
284053,Thor: Ragnarok
122917,The Hobbit: The Battle of the Five Armies
345940,The Meg
157336,Interstellar
245891,John Wick
463272,Johnny English Strikes Again
181808,Star Wars: The Last Jedi
347375,Mile 22
489999,Searching
263115,Logan
461693,சிலுக்குவார்பட்டி சிங்கம்
49017,Dracula Untold
450001,葉問外傳：張天志
439079,The Nun
399360,Alpha
451915,Beautiful Boy
484247,A Simple Favor
141052,Justice League
27205,Inception
500852,Miss Bala
438799,Overlord
503125,Little Monsters
426426,Roma
400535,Sicario: Day of the Soldado
446021,Bad Times at the El Royale
399579,Alita: Battle Angel
375785,Then Came You
414919,Hart Beat
283995,Guardians of the Galaxy Vol. 2
337339,The Fate of the Furious
348350,Solo: A Star Wars Story
335984,Blade Runner 2049
447332,A Quiet Place
297762,Wonder Woman
333339,Ready Player One
315635,Spider-Man: Homecoming
102899,Ant-Man
209112,Batman v Superman: Dawn of Justice
198663,The Maze Runner
82702,How to Train Your Dragon 2
470044,The Hate U Give
12445,Harry Potter and the Deathly Hallows: Part 2
155,The Dark Knight
109445,Frozen
447200,Skyscraper
500664,Upgrade
454293,Night School
210577,Gone Girl
335988,Transformers: The Last Knight
8966,Twilight
205596,The Imitation Game
429476,Hell Fest
299534,Avengers: Endgame
135397,Jurassic World
150540,Inside Out
316029,The Greatest Showman
99861,Avengers: Age of Ultron
767,Harry Potter and the Half-Blood Prince
10195,Thor
446894,Smallfoot
127585,X-Men: Days of Future Past
293660,Deadpool
259316,Fantastic Beasts and Where to Find Them
455207,Crazy Rich Asians
491472,At Eternity's Gate
427641,Rampage
12444,Harry Potter and the Deathly Hallows: Part 1
169917,A Walk Among the Tombstones
269149,Zootopia
10191,How to Train Your Dragon
458594,Peppermint
675,Harry Potter and the Order of the Phoenix
284052,Doctor Strange
246655,X-Men: Apocalypse
286217,The Martian
271110,Captain America: Civil War
417261,Forever My Girl
300668,Annihilation
324786,Hacksaw Ridge
242582,Nightcrawler
407436,Mowgli: Legend of the Jungle
76341,Mad Max: Fury Road
188927,Star Trek Beyond
1726,Iron Man
291805,Now You See Me 2
520360,King of Thieves
194662,Birdman
402900,Ocean's Eight
533148,एक लड़की को देखा तोह ऐसा लगा
10528,Sherlock Holmes
156022,The Equalizer
98566,Teenage Mutant Ninja Turtles
19995,Avatar
87101,Terminator Genisys
76338,Thor: The Dark World
399055,The Shape of Water
297725,The Man Who Killed Don Quixote
475132,A Private War
532321,Re:ゼロから始める異世界生活 Memory Snow
131631,The Hunger Games: Mockingjay - Part 1
58,Pirates of the Caribbean: Dead Man's Chest
168508,Something in the Way
140607,Star Wars: The Force Awakens
49026,The Dark Knight Rises
438590,A-X-L
177572,Big Hero 6
10138,Iron Man 2
433288,1%
320288,Dark Phoenix
206647,Spectre
546765,雪の華
374720,Dunkirk
351064,Films Confiscated from a French Brothel
9806,The Incredibles
449443,Den of Thieves
299537,Captain Marvel
272,Batman Begins
674,Harry Potter and the Goblet of Fire
340613,The Wife
49051,The Hobbit: An Unexpected Journey
126889,Alien: Covenant
1930,The Amazing Spider-Man
1865,Pirates of the Caribbean: On Stranger Tides
244786,Whiplash
516716,Milly & Mamet
281957,The Revenant
395990,Death Wish
489930,Blindspotting
466411,Speed Kills
543493,Babysplitters
442249,The First Purge
401981,Red Sparrow
343668,Kingsman: The Golden Circle
398818,Call Me by Your Name
321612,Beauty and the Beast
36557,Casino Royale
329865,Arrival
338970,Tomb Raider
505262,僕のヒーローアカデミア THE MOVIE ～2人の英雄（ヒーロー）～
487258,மறைந்திருந்து பார்க்கும் மர்மம் என்ன
555657,Bajo el mismo techo
324552,John Wick: Chapter 2
361292,Suspiria
398173,The House That Jack Built
307081,Southpaw
565214,The Tracker
537996,The Ballad of Buster Scruggs
473149,Traffik
65754,The Girl with the Dragon Tattoo
673,Harry Potter and the Prisoner of Azkaban
571055,Into the Dark: Down
354912,Coco
280217,The Lego Movie 2: The Second Part
566512,Crucible of the Vampire
458423,Mamma Mia! Here We Go Again
254128,San Andreas
493922,Hereditary
177677,Mission: Impossible - Rogue Nation
339403,Baby Driver
420814,Christopher Robin
49521,Man of Steel
429351,12 Strong
49047,Gravity
238636,The Purge: Anarchy
425505,Kin
216015,Fifty Shades of Grey
313369,La La Land
102651,Maleficent
556803,The Princess Switch
228150,Fury
565179,Il Primo Re
446101,Assassination Nation
62177,Brave
575185,Den gula jackan
572367,The Least of These
454992,The Spy Who Dumped Me
16869,Inglourious Basterds
13475,Star Trek
400155,Hotel Transylvania 3: Summer Vacation
168259,Furious 7
257344,Pixels
336843,Maze Runner: The Death Cure
372058,君の名は。
270946,Penguins of Madagascar
285,Pirates of the Caribbean: At World's End
440472,The Upside
324668,Jason Bourne
12155,Alice in Wonderland
381284,Hidden Figures
68721,Iron Man 3
359940,Three Billboards Outside Ebbing, Missouri
525946,Troop Zero
35056,Date Night
303857,ドラゴンボールZ 復活の「F」
207933,Stonehearst Asylum
150689,Cinderella
260346,Taken 3
497814,Breaking In
166426,Pirates of the Caribbean: Dead Men Tell No Tales
315837,Ghost in the Shell
2048,I, Robot
137113,Edge of Tomorrow
10681,WALL·E
350,The Devil Wears Prada
330459,Rogue One: A Star Wars Story
257445,Goosebumps
207703,Kingsman: The Secret Service
106646,The Wolf of Wall Street
484436,Ánimas
411,The Chronicles of Narnia: The Lion, the Witch and the Wardrobe
522417,The Scorpion King: Book of Souls
419430,Get Out
57158,The Hobbit: The Desolation of Smaug
68737,Seventh Son
573718,Love Machine
438808,White Boy Rick
91314,Transformers: Age of Extinction
454227,Outlaw King
504437,சர்வம் தாளமயம்
37724,Skyfall
268896,Pacific Rim: Uprising
190859,American Sniper
27578,The Expendables
419743,Disobedience
241554,Run All Night
401545,Todos lo saben
138843,The Conjuring
58574,Sherlock Holmes: A Game of Shadows
56292,Mission: Impossible - Ghost Protocol
176,Saw
458737,First Reformed
75656,Now You See Me
399035,The Commuter
526051,Look Away
1949,Zodiac
181533,Night at the Museum: Secret of the Tomb
445651,The Darkest Minds
270303,It Follows
438689,Siberia
76757,Jupiter Ascending
559770,twelves.
312221,Creed
264660,Ex Machina
214756,Ted 2
474335,Uncle Drew
498745,Untitled Twisted Pair Documentary
297761,Suicide Squad
339846,Baywatch
281338,War for the Planet of the Apes
93456,Despicable Me 2
4922,The Curious Case of Benjamin Button
455980,Tag
334543,Lion
20352,Despicable Me
531593,Reprisal
11324,Shutter Island
11036,The Notebook
472451,Boy Erased
101299,The Hunger Games: Catching Fire
68718,Django Unchained
438145,Black '47
570168,Unheimlich perfekte Freunde
61012,Silent Hill: Revelation 3D
568856,Amavas
454619,Overboard
346672,Underworld: Blood Wars
62764,Mirror Mirror
278154,Ice Age: Collision Course
11321,Seven Pounds
152601,Her
407451,A Wrinkle in Time
399174,Isle of Dogs
552686,七つの会議
425001,The War with Grandpa
577714,赤い雪 Red Snow
491584,버닝
47971,xXx: Return of Xander Cage
227159,Horrible Bosses 2
58595,Snow White and the Huntsman
49530,In Time
566100,Keluarga Cemara
